module,SecId,dat1,dat2,dat3,dat4,dat5,dat6
16,4,0,60,0,0,0,0
16,4,0,60,0,0,0,0
16,4,0,60,0,0,0,0
16,4,0,60,0,0,0,0
16,4,0,60,0,0,0,0
16,4,0,60,0,0,0,0
16,4,0,60,0,0,0,0
16,4,0,60,0,0,0,0
16,4,0,60,0,0,0,0
16,4,0,60,0,0,0,0
16,4,0,60,0,0,0,0
16,4,0,60,0,0,0,0
16,4,0,60,0,0,0,0
16,4,0,60,0,0,0,0
16,4,0,60,0,0,0,0
16,4,0,60,0,0,0,0
16,4,0,60,0,0,0,0
16,4,0,60,0,0,0,0
16,4,0,60,0,0,0,0
16,4,0,60,0,0,0,0
16,4,0,60,0,0,0,0
16,4,0,60,0,0,0,0
16,4,0,60,0,0,0,0
16,4,0,60,0,0,0,0
16,4,0,60,0,0,0,0
16,4,0,60,0,0,0,0
16,4,0,60,0,0,0,0
16,4,0,60,0,0,0,0
16,4,0,60,0,0,0,0
16,4,0,60,0,0,0,0
16,4,0,60,0,0,0,0
16,4,0,60,0,0,0,0
16,4,0,60,0,0,0,0
16,4,0,60,0,0,0,0
16,4,0,60,0,0,0,0
16,4,0,60,0,0,0,0
